Top ASINs,Title
B07WFPL9PB,"iQOO Z9s 5G (Onyx Green  8GB RAM, 128GB Storage) | 120 Hz 3D Curved AMOLED Display | 5500 mAh Ultra-Thin Battery | Dimesity 7300 5G Processor | Sony IMX882 OIS Camera with Aura Light"
B07WHS99FG,"iQOO Z9s 5G (Titanium Matte  8GB RAM, 128GB Storage) | 120 Hz 3D Curved AMOLED Display | 5500 mAh Ultra-Thin Battery | Dimesity 7300 5G Processor | Sony IMX882 OIS Camera with Aura Light"
B07WHS35V6,"iQOO Z9s 5G (Onyx Green  8GB RAM, 256GB Storage) | 120 Hz 3D Curved AMOLED Display | 5500 mAh Ultra-Thin Battery | Dimesity 7300 5G Processor | Sony IMX882 OIS Camera with Aura Light"
B07WHQHNZC,"iQOO Z9x 5G (Tornado Green  6GB RAM, 128GB Storage) | Snapdragon 6 Gen 1 with 560k+ AnTuTu Score | 6000mAh Battery with 7.99mm Slim Design | 44W FlashCharge"
B07WHSNYL5,"iQOO Z9 Lite 5G (Aqua Flow  6GB RAM, 128GB Storage) | Dimensity 6300 5G | 50MP Sony AI Camera | Charger in The Box | Rs 1000 Off on All Bank Cards"
B07WJTB99S,"iQOO Z9 Lite 5G (Aqua Flow  4GB RAM, 128GB Storage) | Dimensity 6300 5G | 50MP Sony AI Camera | Charger in The Box | Rs 1000 Off on All Bank Cards"
B07WHR9ZJ9,"iQOO Z9S Pro 5G(Luxe Marble  8Gb Ram, 128Gb Storage)|Snapdragon 7 Gen 3 Processor|120 Hz Curved Amoled Display with 4500 Nits Local Peak Brightness|5500 Mah Battery|Ai Erase,White"
B07WHQS4LB,"iQOO Z9 Lite 5G (Mocha Brown  6GB RAM, 128GB Storage) | Dimensity 6300 5G | 50MP Sony AI Camera | Charger in The Box | Rs 1000 Off on All Bank Cards"
B07WHRHBLH,"iQOO Z9x 5G (Storm Grey  6GB RAM, 128GB Storage) | Snapdragon 6 Gen 1 with 560k+ AnTuTu Score | 6000mAh Battery with 7.99mm Slim Design | 44W FlashCharge"
B07WDKKJ45,"iQOO Z9x 5G (Tornado Green  4GB RAM, 128GB Storage) | Snapdragon 6 Gen 1 with 560k+ AnTuTu Score | 6000mAh Battery with 7.99mm Slim Design | 44W FlashCharge"
B07WHRXTJV,"iQOO Z9S Pro 5G(Luxe Marble  8Gb Ram, 256Gb Storage)|Snapdragon 7 Gen 3 Processor|120 Hz Curved Amoled Display with 4500 Nits Local Peak Brightness|5500 Mah Battery|Ai Erase,White"
B07WFPLL2H,"iQOO Z9 Lite 5G (Mocha Brown  4GB RAM, 128GB Storage) | Dimensity 6300 5G | 50MP Sony AI Camera | Charger in The Box | Rs 1000 Off on All Bank Cards"
B07WHPQCTC,"iQOO Z9s Pro 5G (Flamboyant Orange  8GB RAM, 128GB Storage) | Snapdragon 7 Gen 3 Processor | 120 Hz Curved AMOLED Display with 4500 nits Local Peak Brightness | 5500 mAh Battery | AI Erase"
B07WGPJPR3,"iQOO Z7 Pro 5G (Blue Lagoon  8GB RAM, 256GB Storage) | 3D Curved AMOLED Display | 4nm MediaTek Dimesity 7200 5G Processor | 64MP Aura Light OIS Camera | Segment's Slimmest & Lightest Smartphone"
B07WDKMGWR,"iQOO Neo9 Pro 5G (Fiery Red  8GB RAM, 256GB Storage) | Snapdragon 8 Gen 2 Processor | Supercomputing Chip Q1 | Flagship Level Sony IMX920 Camera"
B07WDJZY5Q,"iQOO Z9S Pro 5G(Luxe Marble  12Gb Ram, 256Gb Storage)|Snapdragon 7 Gen 3 Processor|120 Hz Curved Amoled Display with 4500 Nits Local Peak Brightness|5500 Mah Battery|Ai Erase,White"
B07WHS4MC4,"iQOO Z9x 5G (Tornado Green  8GB RAM, 128GB Storage) | Snapdragon 6 Gen 1 with 560k+ AnTuTu Score | 6000mAh Battery with 7.99mm Slim Design | 44W FlashCharge"
B07WGPBNTC,"iQOO Z9 5G (Brushed Green  8GB RAM, 128GB Storage) | Dimensity 7200 5G Processor | Sony IMX882 OIS Camera | 120Hz AMOLED with 1800 nits Local Peak Brightness | 44W Charger in The Box"
B07WFPMJBH,"iQOO Z9x 5G (Storm Grey  4GB RAM, 128GB Storage) | Snapdragon 6 Gen 1 with 560k+ AnTuTu Score | 6000mAh Battery with 7.99mm Slim Design | 44W FlashCharge"
B07WGMXVFK,"iQOO 12 5G (Legend  12GB RAM, 256GB Storage)"
B07WHPLH66,"iQOO Z9x 5G (Storm Grey  8GB RAM, 128GB Storage) | Snapdragon 6 Gen 1 with 560k+ AnTuTu Score | 6000mAh Battery with 7.99mm Slim Design | 44W FlashCharge"
B07WHRZRD7,"iQOO Z9s 5G (Titanium Matte  8GB RAM, 256GB Storage) | 120 Hz 3D Curved AMOLED Display | 5500 mAh Ultra-Thin Battery | Dimesity 7300 5G Processor | Sony IMX882 OIS Camera with Aura Light"
B07WFPL2VW,"iQOO Z9 5G (Graphene Blue  8GB RAM, 128GB Storage) | Dimensity 7200 5G Processor | Sony IMX882 OIS Camera | 120Hz AMOLED with 1800 nits Local Peak Brightness | 44W Charger in The Box"
B07WJVY42H,"iQOO Neo9 Pro 5G (Fiery Red  12GB RAM, 256GB Storage) | Snapdragon 8 Gen 2 Processor | Supercomputing Chip Q1 | Flagship Level Sony IMX920 Camera"
B07WDKJKSG,"iQOO Z9s Pro 5G (Flamboyant Orange  8GB RAM, 256GB Storage) | Snapdragon 7 Gen 3 Processor | 120 Hz Curved AMOLED Display with 4500 nits Local Peak Brightness | 5500 mAh Battery | AI Erase"
B07WGPKLFL,"iQOO Z7 Pro 5G (Blue Lagoon  8GB RAM, 128GB Storage) | 3D Curved AMOLED Display | 4nm MediaTek Dimesity 7200 5G Processor | 64MP Aura Light OIS Camera | Segment's Slimmest & Lightest Smartphone"
B07WHQRN1B,"iQOO 12 5G (Legend  16GB RAM, 512GB Storage)"
B07WHQMR25,"iQOO Z9 5G (Brushed Green  8GB RAM, 256GB Storage) | Dimensity 7200 5G Processor | Sony IMX882 OIS Camera | 120Hz AMOLED with 1800 nits Local Peak Brightness | 44W Charger in The Box"
B07WHQLX7G,"iQOO Z9 5G (Graphene Blue  8GB RAM, 256GB Storage) | Dimensity 7200 5G Processor | Sony IMX882 OIS Camera | 120Hz AMOLED with 1800 nits Local Peak Brightness | 44W Charger in The Box"
B07WHQRXVM,"iQOO Z9s 5G (Titanium Matte  12GB RAM, 256GB Storage) | 120 Hz 3D Curved AMOLED Display | 5500 mAh Ultra-Thin Battery | Dimesity 7300 5G Processor | Sony IMX882 OIS Camera with Aura Light"
B07WFPLWFB,"iQOO Neo9 Pro 5G (Conqueror Black  8GB RAM, 256GB Storage) | Snapdragon 8 Gen 2 Processor | Supercomputing Chip Q1 | Flagship Level Sony IMX920 Camera"
B07WFPN277,"iQOO Neo9 Pro 5G (Conqueror Black  12GB RAM, 256GB Storage) | Snapdragon 8 Gen 2 Processor | Supercomputing Chip Q1 | Flagship Level Sony IMX920 Camera"
B07WHSQDH8,"iQOO 12 5G (Alpha  12Gb Ram, 256Gb Storage) |India's 1St Snapdragon 8 Gen 3 Backcase for Mobile Platform | India's Only Flagship with 50Mp + 50Mp + 64Mp Camera, Black"
B07WFPM2WQ,"iQOO Z9s 5G (Onyx Green  12GB RAM, 256GB Storage) | 120 Hz 3D Curved AMOLED Display | 5500 mAh Ultra-Thin Battery | Dimesity 7300 5G Processor | Sony IMX882 OIS Camera with Aura Light"
B07WGPJ82V,"iQOO Neo9 Pro 5G (Fiery Red  8GB RAM, 128GB Storage) | Snapdragon 8 Gen 2 Processor | Supercomputing Chip Q1 | Flagship Level Sony IMX920 Camera"
B07WJVPC6G,"iQOO Z9s Pro 5G (Flamboyant Orange  12GB RAM, 256GB Storage) | Snapdragon 7 Gen 3 Processor | 120 Hz Curved AMOLED Display with 4500 nits Local Peak Brightness | 5500 mAh Battery | AI Erase"
B07WGNYCPN,"iQOO 9 5G (Phoenix  12Gb Ram, 256Gb Storage) | Innovative Color Changing Technology | 120W Flashcharge Cellular Phoenix"
,
